Similar Africa/Accra -> Africa/Abidjan # Ghana -> Ivory Coast
Similar Africa/Addis_Ababa -> Africa/Nairobi # Ethiopia -> Kenya
Similar Africa/Asmara -> Africa/Nairobi # Ghana -> Kenya
Similar Africa/Asmera -> Africa/Nairobi # Ghana -> Kenya
Similar Africa/Bamako -> Africa/Abidjan # Mali -> Ivory Coast
Similar Africa/Bangui -> Africa/Lagos # Central African Republic -> Nigeria
Similar Africa/Banjul -> Africa/Abidjan # Gambia -> Ivory Coast
Similar Africa/Blantyre -> Africa/Maputo # Malawi -> Mozambique
Similar Africa/Brazzaville -> Africa/Lagos # Congo -> Nigeria
Similar Africa/Bujumbura -> Africa/Maputo # Burundi -> Mozambique
Similar Africa/Conakry -> Africa/Abidjan # Guinea -> Ivory Coast
Similar Africa/Dakar -> Africa/Abidjan # Senegal -> Ivory Coast
Similar Africa/Dar_es_Salaam -> Africa/Nairobi # Tanzania -> Kenya
Similar Africa/Djibouti -> Africa/Nairobi # Djibouti -> Kenya
Similar Africa/Douala -> Africa/Lagos # Cameroon -> Nigeria
Similar Africa/Freetown -> Africa/Abidjan # Sierra Leone -> Ivory Coast
Similar Africa/Gaborone -> Africa/Maputo # Botswana -> Mozambique
Similar Africa/Harare -> Africa/Maputo # Zimbabwe -> Mozambique
Similar Africa/Kampala -> Africa/Nairobi # Uganda -> Kenya
Similar Africa/Kigali -> Africa/Maputo # Rwanda -> Mozambique
Similar Africa/Kinshasa -> Africa/Lagos # Congo (Dem. Rep.) -> Nigeria
Similar Africa/Libreville -> Africa/Lagos # Gabon -> Nigeria
Similar Africa/Lome -> Africa/Abidjan # Togo -> Ivory Coast
Similar Africa/Luanda -> Africa/Lagos # Angola -> Nigeria
Similar Africa/Lubumbashi -> Africa/Maputo # Congo (Dem. Rep.) -> Mozambique
Similar Africa/Lusaka -> Africa/Maputo # Zambia -> Mozambique
Similar Africa/Malabo -> Africa/Lagos # Equitorial Guinea -> Nigeria
Similar Africa/Maseru -> Africa/Johannesburg # Lesotho -> South Africa
Similar Africa/Mbabane -> Africa/Johannesburg # Eswatini  -> South Africa
Similar Africa/Mogadishu -> Africa/Nairobi # Somalia -> Kenya
Similar Africa/Niamey -> Africa/Lagos # Niger -> Nigeria
Similar Africa/Nouakchott -> Africa/Abidjan # Mauritania -> Ivory Coast
Similar Africa/Ouagadougou -> Africa/Abidjan # Burkina Faso -> Ivory Coast
Similar Africa/Porto-Novo -> Africa/Lagos # Benin -> Nigeria
Similar Africa/Timbuktu -> Africa/Abidjan # Mali -> Ivory Coast
Similar America/Anguilla -> America/Puerto_Rico # Anguilla (UK) -> Puerto Rico
Similar America/Antigua -> America/Puerto_Rico # Antigua & Barbuda -> Puerto Rico
Similar America/Argentina/ComodRivadavia -> America/Argentina/Catamarca
Similar America/Aruba -> America/Puerto_Rico # Aruba -> Puerto Rico
Similar America/Atikokan -> America/Panama # Canada -> Panama
Similar America/Atka -> America/Adak # America -> America
Similar America/Blanc-Sablon -> America/Puerto_Rico # Canada -> Puerto Rico
Alias America/Buenos_Aires -> America/Argentina/Buenos_Aires
Alias America/Catamarca -> America/Argentina/Catamarca
Similar America/Cayman -> America/Panama # Cayman Island -> Panama
Similar America/Coral_Harbour -> America/Panama # Canada -> Panama
Alias America/Cordoba -> America/Argentina/Cordoba
Similar America/Creston -> America/Phoenix # Canada -> USA
Similar America/Curacao -> America/Puerto_Rico # Curacao -> Puerto Rico
Similar America/Dominica -> America/Puerto_Rico # Dominica -> Puerto Rico
Similar America/Ensenada -> America/Tijuana # Mexico -> Mexico
Similar America/Fort_Wayne -> America/Indiana/Indianapolis # ??
Alias America/Godthab -> America/Nuuk # Greenland -> Greenland
Similar America/Grenada -> America/Puerto_Rico # Grenada -> Puerto Rico
Similar America/Guadeloupe -> America/Puerto_Rico # Guadeloupe -> Puerto Rico
Alias America/Indianapolis -> America/Indiana/Indianapolis
Alias America/Jujuy -> America/Argentina/Jujuy
Alias America/Knox_IN -> America/Indiana/Knox
Similar America/Kralendijk -> America/Puerto_Rico # Bonaire -> Puerto Rico
Alias America/Louisville -> America/Kentucky/Louisville
Similar America/Lower_Princes -> America/Puerto_Rico # Curacao -> Puerto Rico
Similar America/Marigot -> America/Puerto_Rico # Saint Martin - Puerto Rico
Alias America/Mendoza -> America/Argentina/Mendoza
Similar America/Montreal -> America/Toronto
Similar America/Montserrat -> America/Puerto_Rico # Montserrat -> Puerto Rico
Similar America/Nassau -> America/Toronto # Bahamas -> Canada
Similar America/Nipigon -> America/Toronto # Canada -> Canada
Similar America/Pangnirtung -> America/Iqaluit # Canada -> Canada
Similar America/Port_of_Spain -> America/Puerto_Rico # Trinidad -> Puerto Rico
Similar America/Porto_Acre -> America/Rio_Branco # Brazil -> Brazil
Similar America/Rainy_River -> America/Winnipeg # Canada -> Canada
Similar America/Rosario -> America/Argentina/Cordoba # Argentina -> Argentina
Similar America/Santa_Isabel -> America/Tijuana # Mexico -> Mexico
Similar America/Shiprock -> America/Denver # USA -> USA
Similar America/St_Barthelemy -> America/Puerto_Rico # St Barthelemy -> Puerto Rico
Similar America/St_Kitts -> America/Puerto_Rico # St Kitts -> Puerto Rico
Similar America/St_Lucia -> America/Puerto_Rico # St Lucia -> Puerto Rico
Similar America/St_Thomas -> America/Puerto_Rico # Virgin Islands (US) -> Puerto Rico
Similar America/St_Vincent -> America/Puerto_Rico # St Vincent -> Puerto Rico
Similar America/Thunder_Bay -> America/Toronto # Canada -> Canada
Similar America/Tortola -> America/Puerto_Rico # Virgin Island (UK) -> Puerto Rico
Similar America/Virgin -> America/Puerto_Rico # Virgin Island (US) -> Puerto Rico
Similar America/Yellowknife -> America/Edmonton # Canada -> Canada
Similar Antarctica/DumontDUrville -> Pacific/Port_Moresby # -> Papua New Guinea
Similar Antarctica/McMurdo -> Pacific/Auckland # -> New Zealand
Similar Antarctica/South_Pole -> Pacific/Auckland # -> New Zealand
Similar Antarctica/Syowa -> Asia/Riyadh
Similar Antarctica/Vostok -> Asia/Urumqi
Similar Arctic/Longyearbyen -> Europe/Berlin
Similar Asia/Aden -> Asia/Riyadh
Alias Asia/Ashkhabad -> Asia/Ashgabat
Similar Asia/Bahrain -> Asia/Qatar
Similar Asia/Brunei -> Asia/Kuching
Alias Asia/Calcutta -> Asia/Kolkata
Similar Asia/Chongqing -> Asia/Shanghai
Similar Asia/Chungking -> Asia/Shanghai # Same as Chongqing
Alias Asia/Dacca -> Asia/Dhaka
Similar Asia/Harbin -> Asia/Shanghai
Alias Asia/Istanbul -> Europe/Istanbul
Similar Asia/Kashgar -> Asia/Urumqi
Alias Asia/Katmandu -> Asia/Kathmandu
Similar Asia/Kuala_Lumpur -> Asia/Singapore
Similar Asia/Kuwait -> Asia/Riyadh
Alias Asia/Macao -> Asia/Macau
Similar Asia/Muscat -> Asia/Dubai
Similar Asia/Phnom_Penh -> Asia/Bangkok
Alias Asia/Rangoon -> Asia/Yangon
Similar Asia/Saigon -> Asia/Ho_Chi_Minh
Similar Asia/Tel_Aviv -> Asia/Jerusalem
Alias Asia/Thimbu -> Asia/Thimphu
Alias Asia/Ujung_Pandang -> Asia/Makassar
Alias Asia/Ulan_Bator -> Asia/Ulaanbaatar
Similar Asia/Vientiane -> Asia/Bangkok
Alias Atlantic/Faeroe -> Atlantic/Faroe
Similar Atlantic/Jan_Mayen -> Europe/Berlin
Similar Atlantic/Reykjavik -> Africa/Abidjan
Similar Atlantic/St_Helena -> Africa/Abidjan
Similar Australia/ACT -> Australia/Sydney # Australian Capital Territory (Same as Canberra)
Similar Australia/Canberra -> Australia/Sydney
Similar Australia/Currie -> Australia/Hobart
Alias Australia/LHI -> Australia/Lord_Howe
Similar Australia/NSW -> Australia/Sydney
Similar Australia/North -> Australia/Darwin
Similar Australia/Queensland -> Australia/Brisbane
Similar Australia/South -> Australia/Adelaide
Similar Australia/Tasmania -> Australia/Hobart
Similar Australia/Victoria -> Australia/Melbourne
Similar Australia/West -> Australia/Perth
Similar Australia/Yancowinna -> Australia/Broken_Hill
Similar Brazil/Acre -> America/Rio_Branco # Brazil/Acre == Brazil/Porto_Acre
Alias Brazil/DeNoronha -> America/Noronha
Obsolete Brazil/East -> America/Sao_Paulo
Obsolete Brazil/West -> America/Manaus
Similar Canada/Atlantic -> America/Halifax
Similar Canada/Central -> America/Winnipeg
Similar Canada/Eastern -> America/Toronto
Similar Canada/Mountain -> America/Edmonton
Similar Canada/Newfoundland -> America/St_Johns
Similar Canada/Pacific -> America/Vancouver
Similar Canada/Saskatchewan -> America/Regina
Similar Canada/Yukon -> America/Whitehorse
Similar Chile/Continental -> America/Santiago
Alias Chile/EasterIsland -> Pacific/Easter
Alias Cuba -> America/Havana
Alias Egypt -> Africa/Cairo
Alias Eire -> Europe/Dublin
Alias Etc/GMT+0 -> Etc/GMT
Alias Etc/GMT-0 -> Etc/GMT
Alias Etc/GMT0 -> Etc/GMT
Alias Etc/Greenwich -> Etc/GMT
Alias Etc/UCT -> Etc/UTC
Alias Etc/Universal -> Etc/UTC
Alias Etc/Zulu -> Etc/UTC
Similar Europe/Amsterdam -> Europe/Brussels
Similar Europe/Belfast -> Europe/London
Similar Europe/Bratislava -> Europe/Prague
Similar Europe/Busingen -> Europe/Zurich
Similar Europe/Copenhagen -> Europe/Berlin
Similar Europe/Guernsey -> Europe/London
Similar Europe/Isle_of_Man -> Europe/London
Similar Europe/Jersey -> Europe/London
Alias Europe/Kiev -> Europe/Kyiv
Similar Europe/Ljubljana -> Europe/Belgrade
Similar Europe/Luxembourg -> Europe/Brussels
Similar Europe/Mariehamn -> Europe/Helsinki
Similar Europe/Monaco -> Europe/Paris
Alias Europe/Nicosia -> Asia/Nicosia
Similar Europe/Oslo -> Europe/Berlin
Similar Europe/Podgorica -> Europe/Belgrade
Similar Europe/San_Marino -> Europe/Rome
Similar Europe/Sarajevo -> Europe/Belgrade
Similar Europe/Skopje -> Europe/Belgrade
Similar Europe/Stockholm -> Europe/Berlin
Similar Europe/Tiraspol -> Europe/Chisinau
Similar Europe/Uzhgorod -> Europe/Kyiv
Similar Europe/Vaduz -> Europe/Zurich
Similar Europe/Vatican -> Europe/Rome
Similar Europe/Zagreb -> Europe/Belgrade
Similar Europe/Zaporozhye -> Europe/Kyiv
Obsolete GB -> Europe/London
Obsolete GB-Eire -> Europe/London
Obsolete GMT -> Etc/GMT
Obsolete GMT+0 -> Etc/GMT
Obsolete GMT-0 -> Etc/GMT
Obsolete GMT0 -> Etc/GMT
Obsolete Greenwich -> Etc/GMT
Obsolete Hongkong -> Asia/Hong_Kong
Obsolete Iceland -> Africa/Abidjan # Same as Atlantic/Reykjavik
Similar Indian/Antananarivo -> Africa/Nairobi
Similar Indian/Christmas -> Asia/Bangkok
Similar Indian/Cocos -> Asia/Yangon
Similar Indian/Comoro -> Africa/Nairobi
Similar Indian/Kerguelen -> Indian/Maldives
Similar Indian/Mahe -> Asia/Dubai
Similar Indian/Mayotte -> Africa/Nairobi
Similar Indian/Reunion -> Asia/Dubai
Obsolete Iran -> Asia/Tehran
Obsolete Israel -> Asia/Jerusalem
Obsolete Jamaica -> America/Jamaica
Obsolete Japan -> Asia/Tokyo
Obsolete Kwajalein -> Pacific/Kwajalein
Obsolete Libya -> Africa/Tripoli
Similar Mexico/BajaNorte -> America/Tijuana
Similar Mexico/BajaSur -> America/Mazatlan
Similar Mexico/General -> America/Mexico_City
Obsolete NZ -> Pacific/Auckland
Obsolete NZ-CHAT -> Pacific/Chatham
Obsolete Navajo -> America/Denver
Obsolete PRC -> Asia/Shanghai
Similar Pacific/Chuuk -> Pacific/Port_Moresby # Same as Pacific/Truk
Similar Pacific/Enderbury -> Pacific/Kanton
Similar Pacific/Funafuti -> Pacific/Tarawa
Similar Pacific/Johnston -> Pacific/Honolulu
Similar Pacific/Majuro -> Pacific/Tarawa
Alias Pacific/Midway -> Pacific/Pago_Pago
Similar Pacific/Pohnpei -> Pacific/Guadalcanal # Alias of Pacific/Ponape
Similar Pacific/Ponape -> Pacific/Guadalcanal # Alias of Pacific/Pohnpei
Similar Pacific/Saipan -> Pacific/Guam
Alias Pacific/Samoa -> Pacific/Pago_Pago
Similar Pacific/Truk -> Pacific/Port_Moresby # Same as Pacific/Chuuk
Similar Pacific/Wake -> Pacific/Tarawa
Similar Pacific/Wallis -> Pacific/Tarawa
Similar Pacific/Yap -> Pacific/Port_Moresby
Obsolete Poland -> Europe/Warsaw
Obsolete Portugal -> Europe/Lisbon
Obsolete ROC -> Asia/Taipei
Obsolete ROK -> Asia/Seoul
Obsolete Singapore -> Asia/Singapore
Obsolete Turkey -> Europe/Istanbul
Obsolete UCT -> Etc/UTC
Similar US/Alaska -> America/Anchorage
Similar US/Aleutian -> America/Adak
Similar US/Arizona -> America/Phoenix
Similar US/Central -> America/Chicago
Similar US/East-Indiana -> America/Indiana/Indianapolis
Similar US/Eastern -> America/New_York
Similar US/Hawaii -> Pacific/Honolulu
Similar US/Indiana-Starke -> America/Indiana/Knox
Similar US/Michigan -> America/Detroit
Similar US/Mountain -> America/Denver
Similar US/Pacific -> America/Los_Angeles
Similar US/Samoa -> Pacific/Pago_Pago
Alias UTC -> Etc/UTC
Obsolete Universal -> Etc/UTC
Obsolete W-SU -> Europe/Moscow
Alias Zulu -> Etc/UTC
